[
  {
    "id": "5e7971b1-a68c-47f8-8117-2a4f3a903111",
    "data": [
      {
        "text": "I would like to buy the ",
        "userDefined": false
      },
      {
        "text": "running shorts",
        "alias": "Bottoms",
        "meta": "@Bottoms",
        "userDefined": false
      }
    ],
    "isTemplate": false,
    "count": 0,
    "updated": 0
  },
  {
    "id": "636b8b51-3890-472a-837f-cc929e2f4401",
    "data": [
      {
        "text": "Can you move the ",
        "userDefined": false
      },
      {
        "text": "joggers",
        "alias": "Bottoms",
        "meta": "@Bottoms",
        "userDefined": false
      },
      {
        "text": " to my cart",
        "userDefined": false
      }
    ],
    "isTemplate": false,
    "count": 0,
    "updated": 0
  },
  {
    "id": "3d114e0a-1e7d-4444-9a1a-f34022dfe540",
    "data": [
      {
        "text": "Move the ",
        "userDefined": false
      },
      {
        "text": "joggers",
        "alias": "Bottoms",
        "meta": "@Bottoms",
        "userDefined": false
      },
      {
        "text": " to my cart",
        "userDefined": false
      }
    ],
    "isTemplate": false,
    "count": 0,
    "updated": 0
  },
  {
    "id": "1c450493-953d-430b-8cb8-ab484cc7f595",
    "data": [
      {
        "text": "I want to buy the ",
        "userDefined": false
      },
      {
        "text": "sweats",
        "alias": "Bottoms",
        "meta": "@Bottoms",
        "userDefined": false
      }
    ],
    "isTemplate": false,
    "count": 0,
    "updated": 0
  },
  {
    "id": "a287cbc6-6ae9-4802-ac9f-e18681f43f14",
    "data": [
      {
        "text": "I want to purchase the ",
        "userDefined": false
      },
      {
        "text": "joggers",
        "alias": "Bottoms",
        "meta": "@Bottoms",
        "userDefined": false
      }
    ],
    "isTemplate": false,
    "count": 0,
    "updated": 0
  },
  {
    "id": "971a0f15-386b-48ba-95d6-56c1dba9e6f7",
    "data": [
      {
        "text": "Add the ",
        "userDefined": false
      },
      {
        "text": "woven shorts",
        "alias": "Bottoms",
        "meta": "@Bottoms",
        "userDefined": false
      },
      {
        "text": " to my cart",
        "userDefined": false
      }
    ],
    "isTemplate": false,
    "count": 0,
    "updated": 0
  },
  {
    "id": "17b3cf03-1c7d-460a-b8a9-ff5ecd88aa2c",
    "data": [
      {
        "text": "Can you add the ",
        "userDefined": false
      },
      {
        "text": "running shorts",
        "alias": "Bottoms",
        "meta": "@Bottoms",
        "userDefined": false
      },
      {
        "text": " to my cart?",
        "userDefined": false
      }
    ],
    "isTemplate": false,
    "count": 0,
    "updated": 0
  }
]