[
  {
    "id": "9d0d49f6-9f68-4b0b-b210-4803334ae85c",
    "data": [
      {
        "text": "Filter out the ",
        "userDefined": false
      },
      {
        "text": "visor",
        "alias": "HatTag",
        "meta": "@HatTag",
        "userDefined": false
      }
    ],
    "isTemplate": false,
    "count": 0,
    "updated": 0
  },
  {
    "id": "115b3e1d-d0b5-4495-bf9c-2f1e5d0cf5bc",
    "data": [
      {
        "text": "Filter the ",
        "userDefined": false
      },
      {
        "text": "white",
        "alias": "HatTag",
        "meta": "@HatTag",
        "userDefined": false
      },
      {
        "text": " tag",
        "userDefined": false
      }
    ],
    "isTemplate": false,
    "count": 0,
    "updated": 0
  },
  {
    "id": "c9995210-3a19-462e-afd9-cba3380c2e68",
    "data": [
      {
        "text": "Filter the ",
        "userDefined": false
      },
      {
        "text": "visor",
        "alias": "HatTag",
        "meta": "@HatTag",
        "userDefined": false
      }
    ],
    "isTemplate": false,
    "count": 0,
    "updated": 0
  }
]