[
  {
    "id": "a34b466c-2f82-4deb-a170-9dd1894ffdce",
    "data": [
      {
        "text": "I would like to purchase the ",
        "userDefined": false
      },
      {
        "text": "hat",
        "alias": "hats",
        "meta": "@hats",
        "userDefined": false
      }
    ],
    "isTemplate": false,
    "count": 0,
    "updated": 0
  },
  {
    "id": "55d67ae6-e8e4-47c7-9683-c41573924f89",
    "data": [
      {
        "text": "I want to buy the ",
        "userDefined": false
      },
      {
        "text": "visor",
        "alias": "hats",
        "meta": "@hats",
        "userDefined": false
      }
    ],
    "isTemplate": false,
    "count": 0,
    "updated": 0
  },
  {
    "id": "72e1a330-86f5-431a-8044-aa8eca05313c",
    "data": [
      {
        "text": "Add the ",
        "userDefined": false
      },
      {
        "text": "visor",
        "alias": "hats",
        "meta": "@hats",
        "userDefined": false
      },
      {
        "text": " to my cart",
        "userDefined": false
      }
    ],
    "isTemplate": false,
    "count": 0,
    "updated": 0
  },
  {
    "id": "367decc9-0501-4503-a7a8-70dd8e0e15c6",
    "data": [
      {
        "text": "Can you add the ",
        "userDefined": false
      },
      {
        "text": "white",
        "alias": "color",
        "meta": "@sys.color",
        "userDefined": false
      },
      {
        "text": " ",
        "userDefined": false
      },
      {
        "text": "visor",
        "alias": "hats",
        "meta": "@hats",
        "userDefined": false
      },
      {
        "text": " to my cart?",
        "userDefined": false
      }
    ],
    "isTemplate": false,
    "count": 0,
    "updated": 0
  },
  {
    "id": "907562e6-2470-481c-a77a-7b34b601de73",
    "data": [
      {
        "text": "Can you add the ",
        "userDefined": false
      },
      {
        "text": "red",
        "alias": "color",
        "meta": "@sys.color",
        "userDefined": false
      },
      {
        "text": " ",
        "userDefined": false
      },
      {
        "text": "hat",
        "alias": "hats",
        "meta": "@hats",
        "userDefined": false
      },
      {
        "text": " to my cart?",
        "userDefined": false
      }
    ],
    "isTemplate": false,
    "count": 0,
    "updated": 0
  }
]