[
  {
    "id": "b46d57a5-6edb-4d95-8dec-fc4871ec705c",
    "data": [
      {
        "text": "I want the ",
        "userDefined": false
      },
      {
        "text": "black leggings",
        "alias": "Leggings",
        "meta": "@Leggings",
        "userDefined": false
      },
      {
        "text": " in my cart",
        "userDefined": false
      }
    ],
    "isTemplate": false,
    "count": 0,
    "updated": 0
  },
  {
    "id": "340ed17d-f5af-4ad7-9680-7f640a9589f1",
    "data": [
      {
        "text": "move the ",
        "userDefined": false
      },
      {
        "text": "bucky leggings",
        "alias": "Leggings",
        "meta": "@Leggings",
        "userDefined": false
      },
      {
        "text": " to the cart",
        "userDefined": false
      }
    ],
    "isTemplate": false,
    "count": 0,
    "updated": 0
  },
  {
    "id": "871e6c34-8202-4529-b53d-5bb2516e5668",
    "data": [
      {
        "text": "Add the ",
        "userDefined": false
      },
      {
        "text": "black leggings",
        "alias": "Leggings",
        "meta": "@Leggings",
        "userDefined": false
      },
      {
        "text": " to my cart",
        "userDefined": false
      }
    ],
    "isTemplate": false,
    "count": 0,
    "updated": 0
  },
  {
    "id": "5194e84b-37d6-48b4-8223-c428a316209e",
    "data": [
      {
        "text": "I want to buy the ",
        "userDefined": false
      },
      {
        "text": "logo leggings",
        "alias": "Leggings",
        "meta": "@Leggings",
        "userDefined": false
      }
    ],
    "isTemplate": false,
    "count": 0,
    "updated": 0
  },
  {
    "id": "89e0b9d8-2608-45d6-b061-7be2bc2a19cc",
    "data": [
      {
        "text": "I want to purchase the ",
        "userDefined": false
      },
      {
        "text": "bucky leggings",
        "alias": "Leggings",
        "meta": "@Leggings",
        "userDefined": false
      }
    ],
    "isTemplate": false,
    "count": 0,
    "updated": 0
  },
  {
    "id": "9a9c4f89-c29e-466d-8a42-8b7dbd524843",
    "data": [
      {
        "text": "can you move the ",
        "userDefined": false
      },
      {
        "text": "black leggings",
        "alias": "Leggings",
        "meta": "@Leggings",
        "userDefined": false
      },
      {
        "text": " to my cart?",
        "userDefined": false
      }
    ],
    "isTemplate": false,
    "count": 0,
    "updated": 0
  }
]