[
  {
    "id": "1832e006-0738-4fcf-8ac6-03f3ba78a40a",
    "data": [
      {
        "text": "move the ",
        "userDefined": false
      },
      {
        "text": "bucky pillow",
        "alias": "Plushes",
        "meta": "@Plushes",
        "userDefined": false
      },
      {
        "text": " to my cart please",
        "userDefined": false
      }
    ],
    "isTemplate": false,
    "count": 0,
    "updated": 0
  },
  {
    "id": "e793ce50-db19-41c5-a978-01f7fdf7dce3",
    "data": [
      {
        "text": "I want to purchase the ",
        "userDefined": false
      },
      {
        "text": "keychain",
        "alias": "Plushes",
        "meta": "@Plushes",
        "userDefined": false
      }
    ],
    "isTemplate": false,
    "count": 0,
    "updated": 0
  },
  {
    "id": "82d5b899-ce46-425f-a09a-46c2e3287327",
    "data": [
      {
        "text": "Add the ",
        "userDefined": false
      },
      {
        "text": "stuffed animal",
        "alias": "Plushes",
        "meta": "@Plushes",
        "userDefined": false
      },
      {
        "text": " to my cart",
        "userDefined": false
      }
    ],
    "isTemplate": false,
    "count": 0,
    "updated": 0
  },
  {
    "id": "c09121e1-5c6b-47d2-8e3a-29be5519a575",
    "data": [
      {
        "text": "I want to buy the ",
        "userDefined": false
      },
      {
        "text": "cloud pillow",
        "alias": "Plushes",
        "meta": "@Plushes",
        "userDefined": false
      }
    ],
    "isTemplate": false,
    "count": 0,
    "updated": 0
  },
  {
    "id": "e3f2db95-3c11-4251-af46-4f36473dd4e7",
    "data": [
      {
        "text": "I would like to purchase the ",
        "userDefined": false
      },
      {
        "text": "game day",
        "alias": "Plushes",
        "meta": "@Plushes",
        "userDefined": false
      },
      {
        "text": " bucky",
        "userDefined": false
      }
    ],
    "isTemplate": false,
    "count": 0,
    "updated": 0
  },
  {
    "id": "d1a9f14f-5b05-40de-8b7c-e2c0fe105b0c",
    "data": [
      {
        "text": "Can you add the ",
        "userDefined": false
      },
      {
        "text": "keychain",
        "alias": "Plushes",
        "meta": "@Plushes",
        "userDefined": false
      },
      {
        "text": " to my cart?",
        "userDefined": false
      }
    ],
    "isTemplate": false,
    "count": 0,
    "updated": 0
  }
]