[
  {
    "id": "1ac9fd11-dc0c-442a-be09-f1e54c95bb5f",
    "data": [
      {
        "text": "Add the ",
        "userDefined": false
      },
      {
        "text": "crew neck",
        "alias": "Sweatshirts",
        "meta": "@Sweatshirts",
        "userDefined": false
      },
      {
        "text": " to my cart",
        "userDefined": false
      }
    ],
    "isTemplate": false,
    "count": 0,
    "updated": 0
  },
  {
    "id": "c4f5e071-90b4-4225-9ac0-f2a7d657b617",
    "data": [
      {
        "text": "I would like to purchase the ",
        "userDefined": false
      },
      {
        "text": "hoodie",
        "alias": "Sweatshirts",
        "meta": "@Sweatshirts",
        "userDefined": false
      }
    ],
    "isTemplate": false,
    "count": 0,
    "updated": 0
  },
  {
    "id": "1d9d089d-ed9b-482f-b4f0-1217be3cde81",
    "data": [
      {
        "text": "I want to buy the ",
        "userDefined": false
      },
      {
        "text": "crew neck",
        "alias": "Sweatshirts",
        "meta": "@Sweatshirts",
        "userDefined": false
      }
    ],
    "isTemplate": false,
    "count": 0,
    "updated": 0
  },
  {
    "id": "1b001d30-f5ed-4ad8-b847-6b6926360aac",
    "data": [
      {
        "text": "I want to purchase the ",
        "userDefined": false
      },
      {
        "text": "crew neck",
        "alias": "Sweatshirts",
        "meta": "@Sweatshirts",
        "userDefined": false
      }
    ],
    "isTemplate": false,
    "count": 0,
    "updated": 0
  },
  {
    "id": "3eb70c18-2644-4a0f-9757-31c628ca83f8",
    "data": [
      {
        "text": "Add the ",
        "userDefined": false
      },
      {
        "text": "sweatshirt",
        "alias": "Sweatshirts",
        "meta": "@Sweatshirts",
        "userDefined": false
      },
      {
        "text": " to my cart",
        "userDefined": false
      }
    ],
    "isTemplate": false,
    "count": 0,
    "updated": 0
  },
  {
    "id": "c369fd20-93d8-4c54-946c-d8cafbac2956",
    "data": [
      {
        "text": "Can you add the ",
        "userDefined": false
      },
      {
        "text": "hoodie",
        "alias": "Sweatshirts",
        "meta": "@Sweatshirts",
        "userDefined": false
      },
      {
        "text": " to my cart?",
        "userDefined": false
      }
    ],
    "isTemplate": false,
    "count": 0,
    "updated": 0
  }
]