[
  {
    "id": "6772ceb9-0b6a-4129-9cf1-07f4c0803c9e",
    "data": [
      {
        "text": "Show me the ",
        "userDefined": false
      },
      {
        "text": "red",
        "alias": "SweatshirtTag",
        "meta": "@SweatshirtTag",
        "userDefined": false
      },
      {
        "text": " ",
        "userDefined": false
      },
      {
        "text": "sweatshirt",
        "alias": "Sweatshirts",
        "meta": "@Sweatshirts",
        "userDefined": false
      },
      {
        "text": " filter",
        "userDefined": false
      }
    ],
    "isTemplate": false,
    "count": 0,
    "updated": 0
  },
  {
    "id": "0d8278a2-8a3e-42bd-9e5a-ced2df980daa",
    "data": [
      {
        "text": "can you filter out the ",
        "userDefined": false
      },
      {
        "text": "longsleeves",
        "alias": "SweatshirtTag",
        "meta": "@SweatshirtTag",
        "userDefined": false
      }
    ],
    "isTemplate": false,
    "count": 0,
    "updated": 0
  },
  {
    "id": "d49eee2d-12ab-438e-8652-5651dbee706d",
    "data": [
      {
        "text": "Can you filter the ",
        "userDefined": false
      },
      {
        "text": "logo",
        "alias": "SweatshirtTag",
        "meta": "@SweatshirtTag",
        "userDefined": false
      },
      {
        "text": " ",
        "userDefined": false
      },
      {
        "text": "sweatshirts",
        "alias": "Sweatshirts",
        "meta": "@Sweatshirts",
        "userDefined": false
      },
      {
        "text": " for me",
        "userDefined": false
      }
    ],
    "isTemplate": false,
    "count": 0,
    "updated": 0
  },
  {
    "id": "f0b7cc64-a05a-4ca6-910a-27493aa0cdba",
    "data": [
      {
        "text": "Filter out the ",
        "userDefined": false
      },
      {
        "text": "red",
        "alias": "SweatshirtTag",
        "meta": "@SweatshirtTag",
        "userDefined": false
      },
      {
        "text": " ",
        "userDefined": false
      },
      {
        "text": "sweatshirts",
        "alias": "Sweatshirts",
        "meta": "@Sweatshirts",
        "userDefined": false
      }
    ],
    "isTemplate": false,
    "count": 0,
    "updated": 0
  }
]