[
  {
    "id": "6a0f7898-331f-41e4-9e2d-21fe220efde2",
    "data": [
      {
        "text": "move the ",
        "userDefined": false
      },
      {
        "text": "jump around tee",
        "alias": "Tees",
        "meta": "@Tees",
        "userDefined": false
      },
      {
        "text": " to my cart",
        "userDefined": false
      }
    ],
    "isTemplate": false,
    "count": 0,
    "updated": 0
  },
  {
    "id": "fb780f21-4b62-48a7-b078-ee49be71aff3",
    "data": [
      {
        "text": "I would like to purchase the ",
        "userDefined": false
      },
      {
        "text": "jump around tee",
        "alias": "Tees",
        "meta": "@Tees",
        "userDefined": false
      }
    ],
    "isTemplate": false,
    "count": 0,
    "updated": 0
  },
  {
    "id": "d3b94031-b933-4dd9-9b6c-c67821f04203",
    "data": [
      {
        "text": "add the ",
        "userDefined": false
      },
      {
        "text": "tee",
        "alias": "Tees",
        "meta": "@Tees",
        "userDefined": true
      },
      {
        "text": " to my cart please",
        "userDefined": false
      }
    ],
    "isTemplate": false,
    "count": 0,
    "updated": 0
  },
  {
    "id": "239df2c8-eeb3-4c8c-9418-ffc03b147475",
    "data": [
      {
        "text": "I want to buy the ",
        "userDefined": false
      },
      {
        "text": "shirt",
        "alias": "Tees",
        "meta": "@Tees",
        "userDefined": false
      }
    ],
    "isTemplate": false,
    "count": 0,
    "updated": 0
  },
  {
    "id": "68de27bc-6a36-4ef2-ba3a-4b70a0b54f0d",
    "data": [
      {
        "text": "Can you move the ",
        "userDefined": false
      },
      {
        "text": "shirt",
        "alias": "Tees",
        "meta": "@Tees",
        "userDefined": false
      },
      {
        "text": " to my cart",
        "userDefined": false
      }
    ],
    "isTemplate": false,
    "count": 0,
    "updated": 0
  }
]