[
  {
    "id": "d3879e29-0e33-4795-8ce8-5b1c56fb4101",
    "data": [
      {
        "text": "What are the ",
        "userDefined": false
      },
      {
        "text": "joggers",
        "alias": "Bottoms",
        "meta": "@Bottoms",
        "userDefined": false
      }
    ],
    "isTemplate": false,
    "count": 0,
    "updated": 0
  },
  {
    "id": "7630beab-2d6f-49f1-8a71-c6c2cd31334b",
    "data": [
      {
        "text": "What\u0027s the description of the ",
        "userDefined": false
      },
      {
        "text": "woven shorts",
        "alias": "Bottoms",
        "meta": "@Bottoms",
        "userDefined": false
      }
    ],
    "isTemplate": false,
    "count": 0,
    "updated": 0
  },
  {
    "id": "3bf470bd-1e5c-4464-ad36-ece4f81c55b8",
    "data": [
      {
        "text": "Show me the description for the ",
        "userDefined": false
      },
      {
        "text": "running shorts",
        "alias": "Bottoms",
        "meta": "@Bottoms",
        "userDefined": false
      }
    ],
    "isTemplate": false,
    "count": 0,
    "updated": 0
  },
  {
    "id": "54044369-2c7d-4dbb-b04a-db86a40b9150",
    "data": [
      {
        "text": "Tell me more about the ",
        "userDefined": false
      },
      {
        "text": "sweats",
        "alias": "Bottoms",
        "meta": "@Bottoms",
        "userDefined": false
      }
    ],
    "isTemplate": false,
    "count": 0,
    "updated": 0
  },
  {
    "id": "f3537689-feed-48ff-83aa-395df445af40",
    "data": [
      {
        "text": "Tell me the product description of the ",
        "userDefined": false
      },
      {
        "text": "joggers",
        "alias": "Bottoms",
        "meta": "@Bottoms",
        "userDefined": false
      }
    ],
    "isTemplate": false,
    "count": 0,
    "updated": 0
  }
]