[
  {
    "id": "5d62da3d-d9bc-4112-a45a-a37c8ac1e521",
    "data": [
      {
        "text": "What are people saying about the ",
        "userDefined": false
      },
      {
        "text": "hats",
        "alias": "hats",
        "meta": "@hats",
        "userDefined": false
      },
      {
        "text": "?",
        "userDefined": false
      }
    ],
    "isTemplate": false,
    "count": 0,
    "updated": 0
  },
  {
    "id": "3c3f3e76-ceb1-4cd2-8fe3-618e75bc389d",
    "data": [
      {
        "text": "Tell me the reviews for the ",
        "userDefined": false
      },
      {
        "text": "visor",
        "alias": "hats",
        "meta": "@hats",
        "userDefined": false
      }
    ],
    "isTemplate": false,
    "count": 0,
    "updated": 0
  },
  {
    "id": "f4f12053-ed80-4e09-b524-863d7f19ff32",
    "data": [
      {
        "text": "what are people saying about the ",
        "userDefined": false
      },
      {
        "text": "red",
        "alias": "color",
        "meta": "@sys.color",
        "userDefined": false
      },
      {
        "text": " ",
        "userDefined": false
      },
      {
        "text": "hat",
        "alias": "hats",
        "meta": "@hats",
        "userDefined": false
      },
      {
        "text": "?",
        "userDefined": false
      }
    ],
    "isTemplate": false,
    "count": 0,
    "updated": 0
  },
  {
    "id": "f51eb4f9-192a-4d95-bf55-21adc007e23d",
    "data": [
      {
        "text": "What are the reviews for the ",
        "userDefined": false
      },
      {
        "text": "white",
        "alias": "color",
        "meta": "@sys.color",
        "userDefined": false
      },
      {
        "text": " ",
        "userDefined": false
      },
      {
        "text": "visor",
        "alias": "hats",
        "meta": "@hats",
        "userDefined": false
      }
    ],
    "isTemplate": false,
    "count": 0,
    "updated": 0
  },
  {
    "id": "66477938-4843-49a1-821e-aeeefcc33ab7",
    "data": [
      {
        "text": "Show me the reviews for ",
        "userDefined": false
      },
      {
        "text": "red",
        "alias": "color",
        "meta": "@sys.color",
        "userDefined": false
      },
      {
        "text": " ",
        "userDefined": false
      },
      {
        "text": "hats",
        "alias": "hats",
        "meta": "@hats",
        "userDefined": false
      }
    ],
    "isTemplate": false,
    "count": 0,
    "updated": 0
  }
]