[
  {
    "id": "4395731b-c3df-427d-b7e0-2182b5a70b4b",
    "data": [
      {
        "text": "Tell me the reviews for the ",
        "userDefined": false
      },
      {
        "text": "black leggings",
        "alias": "Leggings",
        "meta": "@Leggings",
        "userDefined": false
      }
    ],
    "isTemplate": false,
    "count": 0,
    "updated": 0
  },
  {
    "id": "3f286f03-27f3-4f07-b515-34f17f69cd2d",
    "data": [
      {
        "text": "What are the product reviews for the ",
        "userDefined": false
      },
      {
        "text": "logo leggings",
        "alias": "Leggings",
        "meta": "@Leggings",
        "userDefined": false
      }
    ],
    "isTemplate": false,
    "count": 0,
    "updated": 0
  },
  {
    "id": "d38fe81c-57ef-4cf5-baf2-b0617f592e67",
    "data": [
      {
        "text": "What are the reviews for the bucky ",
        "userDefined": false
      },
      {
        "text": "badger leggings",
        "alias": "Leggings",
        "meta": "@Leggings",
        "userDefined": false
      },
      {
        "text": "?",
        "userDefined": false
      }
    ],
    "isTemplate": false,
    "count": 0,
    "updated": 0
  },
  {
    "id": "691d2cbe-7e7e-4354-b508-487cdded2490",
    "data": [
      {
        "text": "What are people saying about the ",
        "userDefined": false
      },
      {
        "text": "wisconsin leggings",
        "alias": "Leggings",
        "meta": "@Leggings",
        "userDefined": false
      },
      {
        "text": "?",
        "userDefined": false
      }
    ],
    "isTemplate": false,
    "count": 0,
    "updated": 0
  }
]