[
  {
    "id": "e01dd00c-8789-4f27-a80e-1bb3391ddb20",
    "data": [
      {
        "text": "What are the reviews for the ",
        "userDefined": false
      },
      {
        "text": "bucky badger plush",
        "alias": "Plushes",
        "meta": "@Plushes",
        "userDefined": false
      },
      {
        "text": "?",
        "userDefined": false
      }
    ],
    "isTemplate": false,
    "count": 0,
    "updated": 0
  },
  {
    "id": "5986a902-becd-4162-9fdd-b8f92da62d21",
    "data": [
      {
        "text": "Can you tell me what people are saying about the ",
        "userDefined": false
      },
      {
        "text": "cloud pillow",
        "alias": "Plushes",
        "meta": "@Plushes",
        "userDefined": false
      },
      {
        "text": "?",
        "userDefined": false
      }
    ],
    "isTemplate": false,
    "count": 0,
    "updated": 0
  },
  {
    "id": "8c6d39aa-b0e3-4f9e-8760-9d674bbcd91d",
    "data": [
      {
        "text": "What are the reviews for the ",
        "userDefined": false
      },
      {
        "text": "game day",
        "alias": "Plushes",
        "meta": "@Plushes",
        "userDefined": false
      },
      {
        "text": " bucky?",
        "userDefined": false
      }
    ],
    "isTemplate": false,
    "count": 0,
    "updated": 0
  },
  {
    "id": "3af96815-ce9d-4e1f-b3eb-a8bf906e652d",
    "data": [
      {
        "text": "What are people saying about the ",
        "userDefined": false
      },
      {
        "text": "keychain",
        "alias": "Plushes",
        "meta": "@Plushes",
        "userDefined": false
      },
      {
        "text": "?",
        "userDefined": false
      }
    ],
    "isTemplate": false,
    "count": 0,
    "updated": 0
  }
]