[
  {
    "id": "df34a17c-f3f7-4d7e-833b-e9f857fedc1a",
    "data": [
      {
        "text": "How are the reviews for the ",
        "userDefined": false
      },
      {
        "text": "sweatshirt",
        "alias": "Sweatshirts",
        "meta": "@Sweatshirts",
        "userDefined": false
      },
      {
        "text": "?",
        "userDefined": false
      }
    ],
    "isTemplate": false,
    "count": 0,
    "updated": 0
  },
  {
    "id": "218dc4f3-4506-4f23-9b32-03be5f075a46",
    "data": [
      {
        "text": "Tell me the reviews for the ",
        "userDefined": false
      },
      {
        "text": "hoodie",
        "alias": "Sweatshirts",
        "meta": "@Sweatshirts",
        "userDefined": false
      }
    ],
    "isTemplate": false,
    "count": 0,
    "updated": 0
  },
  {
    "id": "3adb8a8e-d2d8-4719-aa6a-ee11c7ac4b80",
    "data": [
      {
        "text": "What are the reviews for the ",
        "userDefined": false
      },
      {
        "text": "sweatshirt",
        "alias": "Sweatshirts",
        "meta": "@Sweatshirts",
        "userDefined": false
      }
    ],
    "isTemplate": false,
    "count": 0,
    "updated": 0
  },
  {
    "id": "183d58e4-0d60-460e-b831-612b3066bd4c",
    "data": [
      {
        "text": "What are people saying about the ",
        "userDefined": false
      },
      {
        "text": "hoodie",
        "alias": "Sweatshirts",
        "meta": "@Sweatshirts",
        "userDefined": false
      },
      {
        "text": "?",
        "userDefined": false
      }
    ],
    "isTemplate": false,
    "count": 0,
    "updated": 0
  }
]