[
  {
    "id": "6ecc1b6c-3b5e-4af2-88a8-ba5446abd338",
    "data": [
      {
        "text": "show me the reviews for the ",
        "userDefined": false
      },
      {
        "text": "tee",
        "alias": "Tees",
        "meta": "@Tees",
        "userDefined": true
      }
    ],
    "isTemplate": false,
    "count": 0,
    "updated": 0
  },
  {
    "id": "0b6d74a5-f6d7-4c96-bdd7-ae44dad2c618",
    "data": [
      {
        "text": "What are the product reviews for the ",
        "userDefined": false
      },
      {
        "text": "jump around tee",
        "alias": "Tees",
        "meta": "@Tees",
        "userDefined": false
      }
    ],
    "isTemplate": false,
    "count": 0,
    "updated": 0
  },
  {
    "id": "8b434035-19da-4e7b-a655-b3de5e651529",
    "data": [
      {
        "text": "What are the reviews for the ",
        "userDefined": false
      },
      {
        "text": "t-shirt",
        "alias": "Tees",
        "meta": "@Tees",
        "userDefined": true
      }
    ],
    "isTemplate": false,
    "count": 0,
    "updated": 0
  },
  {
    "id": "662ba280-4ff0-4785-98f5-4d6a21796839",
    "data": [
      {
        "text": "What are people saying about the ",
        "userDefined": false
      },
      {
        "text": "shirt",
        "alias": "Tees",
        "meta": "@Tees",
        "userDefined": false
      },
      {
        "text": "?",
        "userDefined": false
      }
    ],
    "isTemplate": false,
    "count": 0,
    "updated": 0
  }
]