[
  {
    "id": "eaf829f1-59b3-409a-b2f2-0ae7becd19b1",
    "data": [
      {
        "text": "What\u0027s the description for the ",
        "userDefined": false
      },
      {
        "text": "white",
        "alias": "color",
        "meta": "@sys.color",
        "userDefined": false
      },
      {
        "text": " ",
        "userDefined": false
      },
      {
        "text": "visor",
        "alias": "hats",
        "meta": "@hats",
        "userDefined": false
      }
    ],
    "isTemplate": false,
    "count": 0,
    "updated": 0
  },
  {
    "id": "3afe4c4c-ca18-4b81-867b-83b530ce64f0",
    "data": [
      {
        "text": "Tell me about the ",
        "userDefined": false
      },
      {
        "text": "red",
        "alias": "color",
        "meta": "@sys.color",
        "userDefined": false
      },
      {
        "text": " ",
        "userDefined": false
      },
      {
        "text": "hat",
        "alias": "hats",
        "meta": "@hats",
        "userDefined": false
      }
    ],
    "isTemplate": false,
    "count": 0,
    "updated": 0
  },
  {
    "id": "bf88cd99-59b4-4c6b-94c6-b0a47548b8d4",
    "data": [
      {
        "text": "What can you tell me about  the ",
        "userDefined": false
      },
      {
        "text": "visor",
        "alias": "hats",
        "meta": "@hats",
        "userDefined": false
      }
    ],
    "isTemplate": false,
    "count": 0,
    "updated": 0
  },
  {
    "id": "45736378-25c5-4a47-bec3-5123fb293652",
    "data": [
      {
        "text": "Can you tell me more about the ",
        "userDefined": false
      },
      {
        "text": "red",
        "alias": "color",
        "meta": "@sys.color",
        "userDefined": false
      },
      {
        "text": " ",
        "userDefined": false
      },
      {
        "text": "hat",
        "alias": "hats",
        "meta": "@hats",
        "userDefined": false
      },
      {
        "text": "?",
        "userDefined": false
      }
    ],
    "isTemplate": false,
    "count": 0,
    "updated": 0
  },
  {
    "id": "ec847349-a86c-40c4-aedf-8a65752577b5",
    "data": [
      {
        "text": "Can I get more information about the ",
        "userDefined": false
      },
      {
        "text": "hats",
        "alias": "hats",
        "meta": "@hats",
        "userDefined": false
      },
      {
        "text": "?",
        "userDefined": false
      }
    ],
    "isTemplate": false,
    "count": 0,
    "updated": 0
  }
]