[
  {
    "id": "11796970-6c13-42be-858b-5efd348316f8",
    "data": [
      {
        "text": "Tell me about the ",
        "userDefined": false
      },
      {
        "text": "wisconsin leggings",
        "alias": "Leggings",
        "meta": "@Leggings",
        "userDefined": false
      }
    ],
    "isTemplate": false,
    "count": 0,
    "updated": 0
  },
  {
    "id": "6dd7226a-66d9-474b-8a65-8663be4787d1",
    "data": [
      {
        "text": "What can you tell me about the ",
        "userDefined": false
      },
      {
        "text": "logo leggings",
        "alias": "Leggings",
        "meta": "@Leggings",
        "userDefined": false
      }
    ],
    "isTemplate": false,
    "count": 0,
    "updated": 0
  },
  {
    "id": "8db12104-4222-4c18-bb18-f9395e04c4f6",
    "data": [
      {
        "text": "What is the description for the ",
        "userDefined": false
      },
      {
        "text": "black leggings",
        "alias": "Leggings",
        "meta": "@Leggings",
        "userDefined": false
      }
    ],
    "isTemplate": false,
    "count": 0,
    "updated": 0
  },
  {
    "id": "3c72baa5-5172-4d90-8187-8d015795e710",
    "data": [
      {
        "text": "What is the product description for the ",
        "userDefined": false
      },
      {
        "text": "bucky leggings",
        "alias": "Leggings",
        "meta": "@Leggings",
        "userDefined": false
      },
      {
        "text": "?",
        "userDefined": false
      }
    ],
    "isTemplate": false,
    "count": 0,
    "updated": 0
  }
]