[
  {
    "id": "4b4c045d-645d-4d32-893f-83b8fbfe3635",
    "data": [
      {
        "text": "Log in with username ",
        "userDefined": false
      },
      {
        "text": "Steelflex",
        "alias": "Username",
        "meta": "@Username",
        "userDefined": false
      },
      {
        "text": " and password ",
        "userDefined": false
      },
      {
        "text": "dialogflow",
        "alias": "Password",
        "meta": "@Password",
        "userDefined": false
      }
    ],
    "isTemplate": false,
    "count": 0,
    "updated": 0
  },
  {
    "id": "b24be2b3-aadf-48d9-867e-2de213be88de",
    "data": [
      {
        "text": "i need to log in",
        "userDefined": false
      }
    ],
    "isTemplate": false,
    "count": 0,
    "updated": 0
  },
  {
    "id": "a9c085f5-6f2b-4a35-9c4c-ea28246e4e9b",
    "data": [
      {
        "text": "can you log me in?",
        "userDefined": false
      }
    ],
    "isTemplate": false,
    "count": 0,
    "updated": 0
  },
  {
    "id": "f459ed71-e7ef-4c7b-ae92-7f68699e87c7",
    "data": [
      {
        "text": "how do i log in?",
        "userDefined": false
      }
    ],
    "isTemplate": false,
    "count": 0,
    "updated": 0
  },
  {
    "id": "5b1ea950-1aab-4607-ab5a-39c941f2440f",
    "data": [
      {
        "text": "My password is ",
        "userDefined": false
      },
      {
        "text": "dialogflow",
        "alias": "Password",
        "meta": "@Password",
        "userDefined": false
      }
    ],
    "isTemplate": false,
    "count": 0,
    "updated": 0
  },
  {
    "id": "8d3d997c-a833-4c8a-8fed-e72dd63689ac",
    "data": [
      {
        "text": "My username is ",
        "userDefined": false
      },
      {
        "text": "Steelflex",
        "alias": "Username",
        "meta": "@Username",
        "userDefined": false
      }
    ],
    "isTemplate": false,
    "count": 0,
    "updated": 0
  }
]