[
  {
    "id": "169d3ef9-5cca-483c-ba25-495a0660379f",
    "data": [
      {
        "text": "Navigate to the ",
        "userDefined": false
      },
      {
        "text": "hats",
        "alias": "hats",
        "meta": "@hats",
        "userDefined": true
      }
    ],
    "isTemplate": false,
    "count": 0,
    "updated": 0
  },
  {
    "id": "e353dbb3-af4b-4cba-a127-82764cb48155",
    "data": [
      {
        "text": "show me the ",
        "userDefined": false
      },
      {
        "text": "hats",
        "alias": "hats",
        "meta": "@hats",
        "userDefined": true
      }
    ],
    "isTemplate": false,
    "count": 0,
    "updated": 0
  },
  {
    "id": "439493c8-6ea1-4301-833c-8d6c05aaea1e",
    "data": [
      {
        "text": "I would like to see where the ",
        "userDefined": false
      },
      {
        "text": "visors",
        "alias": "hats",
        "meta": "@hats",
        "userDefined": true
      },
      {
        "text": " are",
        "userDefined": false
      }
    ],
    "isTemplate": false,
    "count": 0,
    "updated": 0
  },
  {
    "id": "58d22c17-48da-484a-b96a-74dc557cb146",
    "data": [
      {
        "text": "Show me where the ",
        "userDefined": false
      },
      {
        "text": "visors",
        "alias": "hats",
        "meta": "@hats",
        "userDefined": true
      },
      {
        "text": " are",
        "userDefined": false
      }
    ],
    "isTemplate": false,
    "count": 0,
    "updated": 0
  },
  {
    "id": "ffcfe77f-9316-4bb4-a48f-76de1ad6d6e8",
    "data": [
      {
        "text": "Find me the ",
        "userDefined": false
      },
      {
        "text": "hats",
        "alias": "hats",
        "meta": "@hats",
        "userDefined": true
      }
    ],
    "isTemplate": false,
    "count": 0,
    "updated": 0
  },
  {
    "id": "7de651d2-c853-4381-afcd-db9e516d3775",
    "data": [
      {
        "text": "Where can I find the ",
        "userDefined": false
      },
      {
        "text": "hats",
        "alias": "hats",
        "meta": "@hats",
        "userDefined": true
      },
      {
        "text": "?",
        "userDefined": false
      }
    ],
    "isTemplate": false,
    "count": 0,
    "updated": 0
  },
  {
    "id": "71cfe4d2-a4b9-420a-9ef8-9ec0fe48ae43",
    "data": [
      {
        "text": "Where is the ",
        "userDefined": false
      },
      {
        "text": "white",
        "alias": "color",
        "meta": "@sys.color",
        "userDefined": false
      },
      {
        "text": " ",
        "userDefined": false
      },
      {
        "text": "visor",
        "alias": "hats",
        "meta": "@hats",
        "userDefined": true
      },
      {
        "text": "?",
        "userDefined": false
      }
    ],
    "isTemplate": false,
    "count": 0,
    "updated": 0
  },
  {
    "id": "27730b66-e3d8-4ede-8942-e78c431c08ad",
    "data": [
      {
        "text": "Can I see a ",
        "userDefined": false
      },
      {
        "text": "red",
        "alias": "color",
        "meta": "@sys.color",
        "userDefined": false
      },
      {
        "text": " ",
        "userDefined": false
      },
      {
        "text": "hat",
        "alias": "hats",
        "meta": "@hats",
        "userDefined": true
      },
      {
        "text": "?",
        "userDefined": false
      }
    ],
    "isTemplate": false,
    "count": 0,
    "updated": 0
  }
]