[
  {
    "id": "1978f3db-9f5b-4cb5-bb54-aa6f64845e27",
    "data": [
      {
        "text": "Let me see the ",
        "userDefined": false
      },
      {
        "text": "main screen",
        "alias": "Homepage",
        "meta": "@Homepage",
        "userDefined": false
      }
    ],
    "isTemplate": false,
    "count": 0,
    "updated": 0
  },
  {
    "id": "e785ba0a-d0cf-4563-b6a2-dd459a34c60e",
    "data": [
      {
        "text": "I want to see the ",
        "userDefined": false
      },
      {
        "text": "home page",
        "alias": "Homepage",
        "meta": "@Homepage",
        "userDefined": false
      }
    ],
    "isTemplate": false,
    "count": 0,
    "updated": 0
  },
  {
    "id": "7a6aa162-c7cd-4dab-bf99-a93d0777de00",
    "data": [
      {
        "text": "Navigate me ",
        "userDefined": false
      },
      {
        "text": "home",
        "alias": "Homepage",
        "meta": "@Homepage",
        "userDefined": false
      }
    ],
    "isTemplate": false,
    "count": 0,
    "updated": 0
  },
  {
    "id": "29c1f1db-f023-47c9-88c3-84cbfda22521",
    "data": [
      {
        "text": "Navigate to the ",
        "userDefined": false
      },
      {
        "text": "main screen",
        "alias": "Homepage",
        "meta": "@Homepage",
        "userDefined": false
      }
    ],
    "isTemplate": false,
    "count": 0,
    "updated": 0
  },
  {
    "id": "fd198127-680b-48f8-82b6-96e0a499d7a9",
    "data": [
      {
        "text": "Take me ",
        "userDefined": false
      },
      {
        "text": "home",
        "alias": "Homepage",
        "meta": "@Homepage",
        "userDefined": true
      }
    ],
    "isTemplate": false,
    "count": 0,
    "updated": 0
  },
  {
    "id": "356a105d-31fb-4cd1-96dc-f3241e58b208",
    "data": [
      {
        "text": "Where is the ",
        "userDefined": false
      },
      {
        "text": "homepage",
        "alias": "Homepage",
        "meta": "@Homepage",
        "userDefined": true
      }
    ],
    "isTemplate": false,
    "count": 0,
    "updated": 0
  },
  {
    "id": "d274de52-d2b3-492a-98c3-68a23b9d853f",
    "data": [
      {
        "text": "Take me to the ",
        "userDefined": false
      },
      {
        "text": "homepage",
        "alias": "Homepage",
        "meta": "@Homepage",
        "userDefined": true
      }
    ],
    "isTemplate": false,
    "count": 0,
    "updated": 0
  }
]