[
  {
    "id": "3345d326-837e-4cb3-b92c-78213bc4c18a",
    "data": [
      {
        "text": "Bring me to the ",
        "userDefined": false
      },
      {
        "text": "crew neck",
        "alias": "Sweatshirts",
        "meta": "@Sweatshirts",
        "userDefined": false
      }
    ],
    "isTemplate": false,
    "count": 0,
    "updated": 0
  },
  {
    "id": "e1ce4a76-512c-4577-98db-3913b62ac176",
    "data": [
      {
        "text": "show me the ",
        "userDefined": false
      },
      {
        "text": "hoodie",
        "alias": "Sweatshirts",
        "meta": "@Sweatshirts",
        "userDefined": false
      }
    ],
    "isTemplate": false,
    "count": 0,
    "updated": 0
  },
  {
    "id": "b48d3b32-07e3-4fda-9e82-2cf2deb21d02",
    "data": [
      {
        "text": "Can you show me where the ",
        "userDefined": false
      },
      {
        "text": "sweatshirts",
        "alias": "Sweatshirts",
        "meta": "@Sweatshirts",
        "userDefined": false
      },
      {
        "text": " are?",
        "userDefined": false
      }
    ],
    "isTemplate": false,
    "count": 0,
    "updated": 0
  },
  {
    "id": "9ff36933-3b78-461a-9076-aace6e156911",
    "data": [
      {
        "text": "Where are the ",
        "userDefined": false
      },
      {
        "text": "hoodies",
        "alias": "Sweatshirts",
        "meta": "@Sweatshirts",
        "userDefined": true
      },
      {
        "text": "?",
        "userDefined": false
      }
    ],
    "isTemplate": false,
    "count": 0,
    "updated": 0
  },
  {
    "id": "92eb3f70-ba31-497b-9c6b-4073cb464ba2",
    "data": [
      {
        "text": "Navigate to the ",
        "userDefined": false
      },
      {
        "text": "sweatshirts",
        "alias": "Sweatshirts",
        "meta": "@Sweatshirts",
        "userDefined": false
      }
    ],
    "isTemplate": false,
    "count": 0,
    "updated": 0
  },
  {
    "id": "7aaad63b-06bc-4167-b2f6-478efd2a6195",
    "data": [
      {
        "text": "Where are the ",
        "userDefined": false
      },
      {
        "text": "sweatshirts",
        "alias": "Sweatshirts",
        "meta": "@Sweatshirts",
        "userDefined": false
      },
      {
        "text": "?",
        "userDefined": false
      }
    ],
    "isTemplate": false,
    "count": 0,
    "updated": 0
  }
]