[
  {
    "id": "d73dc1f5-56d4-493c-8846-1f8683ac49b2",
    "data": [
      {
        "text": "Where are the ",
        "userDefined": false
      },
      {
        "text": "joggers",
        "alias": "Bottoms",
        "meta": "@Bottoms",
        "userDefined": false
      }
    ],
    "isTemplate": false,
    "count": 0,
    "updated": 0
  },
  {
    "id": "f5ba7a74-b643-4da1-ac2a-260fdbcdbd2f",
    "data": [
      {
        "text": "Bring me to the ",
        "userDefined": false
      },
      {
        "text": "running shorts",
        "alias": "Bottoms",
        "meta": "@Bottoms",
        "userDefined": false
      }
    ],
    "isTemplate": false,
    "count": 0,
    "updated": 0
  },
  {
    "id": "79a3be3a-4945-4d07-ab87-59e808e925ab",
    "data": [
      {
        "text": "Where can I find the ",
        "userDefined": false
      },
      {
        "text": "sweats",
        "alias": "Bottoms",
        "meta": "@Bottoms",
        "userDefined": false
      },
      {
        "text": "?",
        "userDefined": false
      }
    ],
    "isTemplate": false,
    "count": 0,
    "updated": 0
  },
  {
    "id": "b582e364-ef96-43a7-9912-4e33da0ba260",
    "data": [
      {
        "text": "navigate me to the ",
        "userDefined": false
      },
      {
        "text": "joggers",
        "alias": "Bottoms",
        "meta": "@Bottoms",
        "userDefined": false
      }
    ],
    "isTemplate": false,
    "count": 0,
    "updated": 0
  },
  {
    "id": "43cb5381-fec2-4be1-a528-9517a9359cd2",
    "data": [
      {
        "text": "Where are the ",
        "userDefined": false
      },
      {
        "text": "woven shorts",
        "alias": "Bottoms",
        "meta": "@Bottoms",
        "userDefined": false
      },
      {
        "text": "?",
        "userDefined": false
      }
    ],
    "isTemplate": false,
    "count": 0,
    "updated": 0
  },
  {
    "id": "de2fb4ce-9ed8-4c26-a314-8d2d33ca4d76",
    "data": [
      {
        "text": "Where are the ",
        "userDefined": false
      },
      {
        "text": "running shorts",
        "alias": "Bottoms",
        "meta": "@Bottoms",
        "userDefined": false
      },
      {
        "text": "?",
        "userDefined": false
      }
    ],
    "isTemplate": false,
    "count": 0,
    "updated": 0
  },
  {
    "id": "544e6ea5-787d-44f5-8ac8-69502c763a34",
    "data": [
      {
        "text": "Show me where the ",
        "userDefined": false
      },
      {
        "text": "bottoms",
        "alias": "Bottoms",
        "meta": "@Bottoms",
        "userDefined": true
      },
      {
        "text": " are",
        "userDefined": false
      }
    ],
    "isTemplate": false,
    "count": 0,
    "updated": 0
  }
]