[
  {
    "id": "88c3b653-d101-4378-8aa5-705f98030a0c",
    "data": [
      {
        "text": "Show me the ",
        "userDefined": false
      },
      {
        "text": "logo leggings",
        "alias": "Leggings",
        "meta": "@Leggings",
        "userDefined": false
      }
    ],
    "isTemplate": false,
    "count": 0,
    "updated": 0
  },
  {
    "id": "b75d3ecb-a565-46bf-8b5d-7712f8168618",
    "data": [
      {
        "text": "navigate me to the ",
        "userDefined": false
      },
      {
        "text": "black leggings",
        "alias": "Leggings",
        "meta": "@Leggings",
        "userDefined": false
      }
    ],
    "isTemplate": false,
    "count": 0,
    "updated": 0
  },
  {
    "id": "c81dcda2-b740-4d6b-925b-f34a44d00772",
    "data": [
      {
        "text": "Where can I find some ",
        "userDefined": false
      },
      {
        "text": "leggings",
        "alias": "Leggings",
        "meta": "@Leggings",
        "userDefined": true
      },
      {
        "text": "?",
        "userDefined": false
      }
    ],
    "isTemplate": false,
    "count": 0,
    "updated": 0
  },
  {
    "id": "5f334377-615d-4d85-b87e-d0e5a28e711e",
    "data": [
      {
        "text": "Bring me to the ",
        "userDefined": false
      },
      {
        "text": "bucky leggings",
        "alias": "Leggings",
        "meta": "@Leggings",
        "userDefined": false
      }
    ],
    "isTemplate": false,
    "count": 0,
    "updated": 0
  },
  {
    "id": "f117e169-566c-4bde-8230-b5a15a2ad7c5",
    "data": [
      {
        "text": "Where are the ",
        "userDefined": false
      },
      {
        "text": "leggings",
        "alias": "Leggings",
        "meta": "@Leggings",
        "userDefined": true
      },
      {
        "text": "?",
        "userDefined": false
      }
    ],
    "isTemplate": false,
    "count": 0,
    "updated": 0
  }
]