[
  {
    "id": "a30770e5-7292-404b-82d8-38b1701b5c25",
    "data": [
      {
        "text": "navigate to the ",
        "userDefined": false
      },
      {
        "text": "keychain",
        "alias": "Plushes",
        "meta": "@Plushes",
        "userDefined": false
      }
    ],
    "isTemplate": false,
    "count": 0,
    "updated": 0
  },
  {
    "id": "f30da003-5c7d-462b-ac14-dc5e8026f21e",
    "data": [
      {
        "text": "Where is the ",
        "userDefined": false
      },
      {
        "text": "badger pillow",
        "alias": "Plushes",
        "meta": "@Plushes",
        "userDefined": false
      }
    ],
    "isTemplate": false,
    "count": 0,
    "updated": 0
  },
  {
    "id": "7082b709-bbee-45bc-a747-f564d0a0eaea",
    "data": [
      {
        "text": "Show me the ",
        "userDefined": false
      },
      {
        "text": "cloud pillow",
        "alias": "Plushes",
        "meta": "@Plushes",
        "userDefined": false
      }
    ],
    "isTemplate": false,
    "count": 0,
    "updated": 0
  },
  {
    "id": "2842d0fe-a9fe-4a78-8755-f92375d94be5",
    "data": [
      {
        "text": "Show me the ",
        "userDefined": false
      },
      {
        "text": "plushes",
        "alias": "Plushes",
        "meta": "@Plushes",
        "userDefined": true
      }
    ],
    "isTemplate": false,
    "count": 0,
    "updated": 0
  },
  {
    "id": "0b27d8cc-b21b-4a9d-a751-dceef474a1ca",
    "data": [
      {
        "text": "Where is the ",
        "userDefined": false
      },
      {
        "text": "game day",
        "alias": "Plushes",
        "meta": "@Plushes",
        "userDefined": false
      },
      {
        "text": " bucky",
        "userDefined": false
      }
    ],
    "isTemplate": false,
    "count": 0,
    "updated": 0
  },
  {
    "id": "93aee824-2bc6-4506-b662-9f02ca20d862",
    "data": [
      {
        "text": "Take me to the ",
        "userDefined": false
      },
      {
        "text": "stuffed animal",
        "alias": "Plushes",
        "meta": "@Plushes",
        "userDefined": false
      }
    ],
    "isTemplate": false,
    "count": 0,
    "updated": 0
  },
  {
    "id": "88f3a92b-d722-436a-b7f7-2a20365d5d26",
    "data": [
      {
        "text": "Where can I find the ",
        "userDefined": false
      },
      {
        "text": "plushes",
        "alias": "Plushes",
        "meta": "@Plushes",
        "userDefined": true
      }
    ],
    "isTemplate": false,
    "count": 0,
    "updated": 0
  },
  {
    "id": "bf314cf9-4c63-4ef1-8f79-d70c01f99588",
    "data": [
      {
        "text": "Where is the ",
        "userDefined": false
      },
      {
        "text": "keychain",
        "alias": "Plushes",
        "meta": "@Plushes",
        "userDefined": false
      }
    ],
    "isTemplate": false,
    "count": 0,
    "updated": 0
  }
]