[
  {
    "id": "593c878a-9857-4fe5-97d9-51fcbd9d8f4f",
    "data": [
      {
        "text": "navigate me to the ",
        "userDefined": false
      },
      {
        "text": "tees",
        "alias": "Tees",
        "meta": "@Tees",
        "userDefined": false
      }
    ],
    "isTemplate": false,
    "count": 0,
    "updated": 0
  },
  {
    "id": "9eb93fa3-8fcd-49ed-9920-41ea47a3a82f",
    "data": [
      {
        "text": "Where is the ",
        "userDefined": false
      },
      {
        "text": "red",
        "alias": "color",
        "meta": "@sys.color",
        "userDefined": false
      },
      {
        "text": " ",
        "userDefined": false
      },
      {
        "text": "shirt",
        "alias": "Tees",
        "meta": "@Tees",
        "userDefined": false
      },
      {
        "text": "?",
        "userDefined": false
      }
    ],
    "isTemplate": false,
    "count": 0,
    "updated": 0
  },
  {
    "id": "8cdc47c1-968e-42bc-a25e-3c0d966a7fa1",
    "data": [
      {
        "text": "Where can I find the ",
        "userDefined": false
      },
      {
        "text": "jump around tee",
        "alias": "Tees",
        "meta": "@Tees",
        "userDefined": false
      },
      {
        "text": "?",
        "userDefined": false
      }
    ],
    "isTemplate": false,
    "count": 0,
    "updated": 0
  },
  {
    "id": "6544ae14-2df1-48b1-8024-f4fda72dccdd",
    "data": [
      {
        "text": "Bring me to the ",
        "userDefined": false
      },
      {
        "text": "shirts",
        "alias": "Tees",
        "meta": "@Tees",
        "userDefined": false
      }
    ],
    "isTemplate": false,
    "count": 0,
    "updated": 0
  },
  {
    "id": "62f84db3-a7ed-40ee-9dca-706a59bdfe40",
    "data": [
      {
        "text": "Show me where the ",
        "userDefined": false
      },
      {
        "text": "tees",
        "alias": "Tees",
        "meta": "@Tees",
        "userDefined": true
      },
      {
        "text": " are",
        "userDefined": false
      }
    ],
    "isTemplate": false,
    "count": 0,
    "updated": 0
  }
]