[
  {
    "id": "0df83d4f-4cc4-436f-ae74-b35a7ce36c41",
    "data": [
      {
        "text": "Tell me about the ",
        "userDefined": false
      },
      {
        "text": "keychain",
        "alias": "Plushes",
        "meta": "@Plushes",
        "userDefined": false
      }
    ],
    "isTemplate": false,
    "count": 0,
    "updated": 0
  },
  {
    "id": "ca111cc1-5915-4ab3-8c32-a4a20af0166a",
    "data": [
      {
        "text": "Tell me the description for the ",
        "userDefined": false
      },
      {
        "text": "game day",
        "alias": "Plushes",
        "meta": "@Plushes",
        "userDefined": false
      },
      {
        "text": " bucky",
        "userDefined": false
      }
    ],
    "isTemplate": false,
    "count": 0,
    "updated": 0
  },
  {
    "id": "40b4411d-f70d-461c-bc19-2df5b511b848",
    "data": [
      {
        "text": "What is the product description for the ",
        "userDefined": false
      },
      {
        "text": "stuffed animal",
        "alias": "Plushes",
        "meta": "@Plushes",
        "userDefined": false
      },
      {
        "text": "?",
        "userDefined": false
      }
    ],
    "isTemplate": false,
    "count": 0,
    "updated": 0
  },
  {
    "id": "3c6dd2b3-ecd9-48e6-bb31-3ce137a1255e",
    "data": [
      {
        "text": "Tell me about the ",
        "userDefined": false
      },
      {
        "text": "cloud pillow",
        "alias": "Plushes",
        "meta": "@Plushes",
        "userDefined": false
      }
    ],
    "isTemplate": false,
    "count": 0,
    "updated": 0
  },
  {
    "id": "b1794021-6355-40e9-aa0b-8bb31b4bdb62",
    "data": [
      {
        "text": "Can you tell me more about the ",
        "userDefined": false
      },
      {
        "text": "keychain",
        "alias": "Plushes",
        "meta": "@Plushes",
        "userDefined": false
      },
      {
        "text": "?",
        "userDefined": false
      }
    ],
    "isTemplate": false,
    "count": 0,
    "updated": 0
  }
]