[
  {
    "id": "1309a8fc-21b4-4fb2-86b5-3c59491d4dd4",
    "data": [
      {
        "text": "could you show me what the tags are for the ",
        "userDefined": false
      },
      {
        "text": "sweatshirts",
        "alias": "Categories",
        "meta": "@Categories",
        "userDefined": false
      },
      {
        "text": "?",
        "userDefined": false
      }
    ],
    "isTemplate": false,
    "count": 0,
    "updated": 0
  },
  {
    "id": "ea70b644-f5d7-407e-abc5-92b282acb38b",
    "data": [
      {
        "text": "I\u0027d like to know what the tags are for the ",
        "userDefined": false
      },
      {
        "text": "plushes",
        "alias": "Categories",
        "meta": "@Categories",
        "userDefined": false
      }
    ],
    "isTemplate": false,
    "count": 0,
    "updated": 0
  },
  {
    "id": "bdc30c07-1c11-4565-b557-4438a526c4bb",
    "data": [
      {
        "text": "Show me the tags for the ",
        "userDefined": false
      },
      {
        "text": "bottoms",
        "alias": "Categories",
        "meta": "@Categories",
        "userDefined": false
      }
    ],
    "isTemplate": false,
    "count": 0,
    "updated": 0
  },
  {
    "id": "f1f295a2-e54e-4852-89be-0456efffea6f",
    "data": [
      {
        "text": "can you tell me what the tags are for the ",
        "userDefined": false
      },
      {
        "text": "tees",
        "alias": "Categories",
        "meta": "@Categories",
        "userDefined": false
      },
      {
        "text": "?",
        "userDefined": false
      }
    ],
    "isTemplate": false,
    "count": 0,
    "updated": 0
  },
  {
    "id": "02cb96a0-04fa-4ff2-ac36-6edb8a0e5b28",
    "data": [
      {
        "text": "What are the tags for the ",
        "userDefined": false
      },
      {
        "text": "leggings",
        "alias": "Categories",
        "meta": "@Categories",
        "userDefined": false
      },
      {
        "text": "?",
        "userDefined": false
      }
    ],
    "isTemplate": false,
    "count": 0,
    "updated": 0
  },
  {
    "id": "c68f4035-badf-4756-ab73-748b6f8ba302",
    "data": [
      {
        "text": "What are the tags for the ",
        "userDefined": false
      },
      {
        "text": "hats",
        "alias": "Categories",
        "meta": "@Categories",
        "userDefined": false
      },
      {
        "text": "?",
        "userDefined": false
      }
    ],
    "isTemplate": false,
    "count": 0,
    "updated": 0
  }
]