[
  {
    "id": "f37b5fba-915e-4a72-ab2c-da6d78e5de23",
    "data": [
      {
        "text": "What kind of products are there?",
        "userDefined": false
      }
    ],
    "isTemplate": false,
    "count": 0,
    "updated": 0
  },
  {
    "id": "7b6247de-c5bf-4c34-9625-5890c168a2b8",
    "data": [
      {
        "text": "Tell me what the categories are",
        "userDefined": false
      }
    ],
    "isTemplate": false,
    "count": 0,
    "updated": 0
  },
  {
    "id": "1255ac67-dacb-4f97-a2dc-f15bc4ce9f00",
    "data": [
      {
        "text": "Show me what the categories are",
        "userDefined": false
      }
    ],
    "isTemplate": false,
    "count": 0,
    "updated": 0
  },
  {
    "id": "fcc08ad4-f66a-46fd-a29e-3405fdc0ad59",
    "data": [
      {
        "text": "What are the different types of categories?",
        "userDefined": false
      }
    ],
    "isTemplate": false,
    "count": 0,
    "updated": 0
  },
  {
    "id": "24e69de3-6433-49a5-b057-efa63c92a3aa",
    "data": [
      {
        "text": "Can you tell me what the categories are?",
        "userDefined": false
      }
    ],
    "isTemplate": false,
    "count": 0,
    "updated": 0
  },
  {
    "id": "a9c8f5d1-61e7-4f90-aa57-40276ecbe9f0",
    "data": [
      {
        "text": "What are the categories?",
        "userDefined": false
      }
    ],
    "isTemplate": false,
    "count": 0,
    "updated": 0
  }
]