[
  {
    "id": "55fe4986-3176-49d6-9b81-1ebdf7f4959f",
    "data": [
      {
        "text": "How much is my cart total?",
        "userDefined": false
      }
    ],
    "isTemplate": false,
    "count": 0,
    "updated": 0
  },
  {
    "id": "fed2cf90-259f-4bf7-90c4-7b089d0ad3bf",
    "data": [
      {
        "text": "How many items do I have in my cart?",
        "userDefined": false
      }
    ],
    "isTemplate": false,
    "count": 0,
    "updated": 0
  },
  {
    "id": "bed578ba-084c-4bca-86c7-4e1044f8d2fb",
    "data": [
      {
        "text": "How much is in my cart?",
        "userDefined": false
      }
    ],
    "isTemplate": false,
    "count": 0,
    "updated": 0
  },
  {
    "id": "fcb22565-a94a-482a-8fd4-bb182b5bdb5a",
    "data": [
      {
        "text": "What do I have added to my cart?",
        "userDefined": false
      }
    ],
    "isTemplate": false,
    "count": 0,
    "updated": 0
  },
  {
    "id": "ec2f37e1-ae33-4dea-bb1b-42df2363e476",
    "data": [
      {
        "text": "What\u0027s in my shopping cart?",
        "userDefined": false
      }
    ],
    "isTemplate": false,
    "count": 0,
    "updated": 0
  },
  {
    "id": "7b1049f7-47b7-457e-9502-b29473297ec0",
    "data": [
      {
        "text": "What items do I have in my cart?",
        "userDefined": false
      }
    ],
    "isTemplate": false,
    "count": 0,
    "updated": 0
  },
  {
    "id": "8f6fe827-9807-44af-aacc-dc1a58364c99",
    "data": [
      {
        "text": "Can you tell me what\u0027s in my cart?",
        "userDefined": false
      }
    ],
    "isTemplate": false,
    "count": 0,
    "updated": 0
  },
  {
    "id": "de9d7764-a927-4c48-81f8-0ff6ee276a5e",
    "data": [
      {
        "text": "Show me what\u0027s in my cart",
        "userDefined": false
      }
    ],
    "isTemplate": false,
    "count": 0,
    "updated": 0
  }
]