[
  {
    "id": "a6a99f43-d9d3-4f08-a8d3-7d4600c90e0c",
    "data": [
      {
        "text": "remove the ",
        "userDefined": false
      },
      {
        "text": "woven shorts",
        "alias": "Bottoms",
        "meta": "@Bottoms",
        "userDefined": false
      },
      {
        "text": " from my cart",
        "userDefined": false
      }
    ],
    "isTemplate": false,
    "count": 0,
    "updated": 0
  },
  {
    "id": "62789e19-a787-4609-b2d0-8caee6a6da0b",
    "data": [
      {
        "text": "get rid of the ",
        "userDefined": false
      },
      {
        "text": "running shorts",
        "alias": "Bottoms",
        "meta": "@Bottoms",
        "userDefined": false
      }
    ],
    "isTemplate": false,
    "count": 0,
    "updated": 0
  },
  {
    "id": "89aa3166-b59b-46e7-a3c2-90ecab45c93f",
    "data": [
      {
        "text": "remove the ",
        "userDefined": false
      },
      {
        "text": "joggers",
        "alias": "Bottoms",
        "meta": "@Bottoms",
        "userDefined": false
      },
      {
        "text": " from the cart",
        "userDefined": false
      }
    ],
    "isTemplate": false,
    "count": 0,
    "updated": 0
  },
  {
    "id": "d764e0db-d6a7-4157-9a99-b7f5d0935de9",
    "data": [
      {
        "text": "please get rid of the ",
        "userDefined": false
      },
      {
        "text": "sweatpants",
        "alias": "Bottoms",
        "meta": "@Bottoms",
        "userDefined": false
      }
    ],
    "isTemplate": false,
    "count": 0,
    "updated": 0
  },
  {
    "id": "b57bd8e3-4b88-4a5f-a37a-2cf22cc43857",
    "data": [
      {
        "text": "I no longer want those ",
        "userDefined": false
      },
      {
        "text": "woven shorts",
        "alias": "Bottoms",
        "meta": "@Bottoms",
        "userDefined": false
      }
    ],
    "isTemplate": false,
    "count": 0,
    "updated": 0
  },
  {
    "id": "4014a658-c9f9-4e0a-b664-c5e064679453",
    "data": [
      {
        "text": "remove the ",
        "userDefined": false
      },
      {
        "text": "running shorts",
        "alias": "Bottoms",
        "meta": "@Bottoms",
        "userDefined": false
      },
      {
        "text": " from my cart",
        "userDefined": false
      }
    ],
    "isTemplate": false,
    "count": 0,
    "updated": 0
  },
  {
    "id": "c072cddc-99d0-4efe-a758-3cb7b19c0fa8",
    "data": [
      {
        "text": "I would like those ",
        "userDefined": false
      },
      {
        "text": "joggers",
        "alias": "Bottoms",
        "meta": "@Bottoms",
        "userDefined": false
      },
      {
        "text": " to be removed from my cart",
        "userDefined": false
      }
    ],
    "isTemplate": false,
    "count": 0,
    "updated": 0
  }
]