[
  {
    "id": "637032f5-b588-436c-a130-4ec7c24194e5",
    "data": [
      {
        "text": "Please remove the ",
        "userDefined": false
      },
      {
        "text": "logo leggings",
        "alias": "Leggings",
        "meta": "@Leggings",
        "userDefined": false
      },
      {
        "text": " from my cart",
        "userDefined": false
      }
    ],
    "isTemplate": false,
    "count": 0,
    "updated": 0
  },
  {
    "id": "45bd5112-4953-4fb6-b0c8-829faf09f717",
    "data": [
      {
        "text": "delete the ",
        "userDefined": false
      },
      {
        "text": "bucky leggings",
        "alias": "Leggings",
        "meta": "@Leggings",
        "userDefined": false
      },
      {
        "text": " from the cart",
        "userDefined": false
      }
    ],
    "isTemplate": false,
    "count": 0,
    "updated": 0
  },
  {
    "id": "79d57598-5687-4bd8-819c-15c969299179",
    "data": [
      {
        "text": "remove the ",
        "userDefined": false
      },
      {
        "text": "black leggings",
        "alias": "Leggings",
        "meta": "@Leggings",
        "userDefined": false
      },
      {
        "text": " from my cart",
        "userDefined": false
      }
    ],
    "isTemplate": false,
    "count": 0,
    "updated": 0
  },
  {
    "id": "97679954-6602-48e2-93fa-0b8ed8659d0a",
    "data": [
      {
        "text": "get rid of those ",
        "userDefined": false
      },
      {
        "text": "black leggings",
        "alias": "Leggings",
        "meta": "@Leggings",
        "userDefined": false
      }
    ],
    "isTemplate": false,
    "count": 0,
    "updated": 0
  },
  {
    "id": "8cc4fa8d-923f-459f-9fe1-2726b4bf9c55",
    "data": [
      {
        "text": "i no longer want those ",
        "userDefined": false
      },
      {
        "text": "logo leggings",
        "alias": "Leggings",
        "meta": "@Leggings",
        "userDefined": false
      }
    ],
    "isTemplate": false,
    "count": 0,
    "updated": 0
  },
  {
    "id": "0272ee51-6c44-4565-9c8b-dac902d4a460",
    "data": [
      {
        "text": "remove those ",
        "userDefined": false
      },
      {
        "text": "bucky leggings",
        "alias": "Leggings",
        "meta": "@Leggings",
        "userDefined": false
      },
      {
        "text": " from my cart",
        "userDefined": false
      }
    ],
    "isTemplate": false,
    "count": 0,
    "updated": 0
  }
]