[
  {
    "id": "1b99738c-6d77-47a7-8032-7b06a7e7dbbb",
    "data": [
      {
        "text": "remove the ",
        "userDefined": false
      },
      {
        "text": "tee",
        "alias": "Tees",
        "meta": "@Tees",
        "userDefined": true
      },
      {
        "text": " from my cart",
        "userDefined": false
      }
    ],
    "isTemplate": false,
    "count": 0,
    "updated": 0
  },
  {
    "id": "1a8f1d71-bc21-451e-b4a2-899fc2035ada",
    "data": [
      {
        "text": "delete the ",
        "userDefined": false
      },
      {
        "text": "jump around tee",
        "alias": "Tees",
        "meta": "@Tees",
        "userDefined": false
      }
    ],
    "isTemplate": false,
    "count": 0,
    "updated": 0
  },
  {
    "id": "a01873d4-1ebb-4a3f-8036-17f1142bd5eb",
    "data": [
      {
        "text": "get rid of the ",
        "userDefined": false
      },
      {
        "text": "tee",
        "alias": "Tees",
        "meta": "@Tees",
        "userDefined": true
      },
      {
        "text": " from my cart",
        "userDefined": false
      }
    ],
    "isTemplate": false,
    "count": 0,
    "updated": 0
  },
  {
    "id": "58364ce5-8645-4e01-b182-1af1e9f22725",
    "data": [
      {
        "text": "please remove the ",
        "userDefined": false
      },
      {
        "text": "t shirt",
        "alias": "Tees",
        "meta": "@Tees",
        "userDefined": true
      },
      {
        "text": " from my cart",
        "userDefined": false
      }
    ],
    "isTemplate": false,
    "count": 0,
    "updated": 0
  },
  {
    "id": "4791ad78-347f-42fc-b05d-78ac4b406953",
    "data": [
      {
        "text": "i no longer want the ",
        "userDefined": false
      },
      {
        "text": "shirt",
        "alias": "Tees",
        "meta": "@Tees",
        "userDefined": false
      }
    ],
    "isTemplate": false,
    "count": 0,
    "updated": 0
  },
  {
    "id": "a6fb0d96-3171-47dc-9430-21094c4faf4b",
    "data": [
      {
        "text": "remove the ",
        "userDefined": false
      },
      {
        "text": "jump around tee",
        "alias": "Tees",
        "meta": "@Tees",
        "userDefined": false
      }
    ],
    "isTemplate": false,
    "count": 0,
    "updated": 0
  }
]