[
  {
    "id": "2d86fc08-05c9-4d9e-9467-366627995196",
    "data": [
      {
        "text": "can you remove the ",
        "userDefined": false
      },
      {
        "text": "hoodie",
        "alias": "Sweatshirts",
        "meta": "@Sweatshirts",
        "userDefined": true
      },
      {
        "text": " from my cart",
        "userDefined": false
      }
    ],
    "isTemplate": false,
    "count": 0,
    "updated": 0
  },
  {
    "id": "e9640001-ea18-431a-9487-34b1460529fe",
    "data": [
      {
        "text": "remove the ",
        "userDefined": false
      },
      {
        "text": "crew neck",
        "alias": "Sweatshirts",
        "meta": "@Sweatshirts",
        "userDefined": false
      },
      {
        "text": " from my cart",
        "userDefined": false
      }
    ],
    "isTemplate": false,
    "count": 0,
    "updated": 0
  },
  {
    "id": "1a69f649-91dc-430b-929c-079def275962",
    "data": [
      {
        "text": "I no longer want the ",
        "userDefined": false
      },
      {
        "text": "crew neck",
        "alias": "Sweatshirts",
        "meta": "@Sweatshirts",
        "userDefined": false
      }
    ],
    "isTemplate": false,
    "count": 0,
    "updated": 0
  },
  {
    "id": "2d114e72-fc4d-4157-9b42-77cbd25a8468",
    "data": [
      {
        "text": "get rid of the ",
        "userDefined": false
      },
      {
        "text": "crew neck",
        "alias": "Sweatshirts",
        "meta": "@Sweatshirts",
        "userDefined": false
      }
    ],
    "isTemplate": false,
    "count": 0,
    "updated": 0
  },
  {
    "id": "248bdfe5-e810-4e8f-be35-d54c70f841c5",
    "data": [
      {
        "text": "please remove the ",
        "userDefined": false
      },
      {
        "text": "hoodie",
        "alias": "Sweatshirts",
        "meta": "@Sweatshirts",
        "userDefined": false
      },
      {
        "text": " from my cart",
        "userDefined": false
      }
    ],
    "isTemplate": false,
    "count": 0,
    "updated": 0
  }
]