[
  {
    "id": "4f4d600a-782d-4f6e-893a-8945feffa1ff",
    "data": [
      {
        "text": "Please get rid of the ",
        "userDefined": false
      },
      {
        "text": "hat",
        "alias": "hats",
        "meta": "@hats",
        "userDefined": false
      },
      {
        "text": " from my cart",
        "userDefined": false
      }
    ],
    "isTemplate": false,
    "count": 0,
    "updated": 0
  },
  {
    "id": "5698dc3d-4988-45af-a1b4-eda4b7c1d8ff",
    "data": [
      {
        "text": "I do not want the ",
        "userDefined": false
      },
      {
        "text": "hat",
        "alias": "hats",
        "meta": "@hats",
        "userDefined": true
      },
      {
        "text": " anymore",
        "userDefined": false
      }
    ],
    "isTemplate": false,
    "count": 0,
    "updated": 0
  },
  {
    "id": "5bd1190d-43b1-459c-94c2-dea67af41326",
    "data": [
      {
        "text": "get rid of the ",
        "userDefined": false
      },
      {
        "text": "visor",
        "alias": "hats",
        "meta": "@hats",
        "userDefined": false
      }
    ],
    "isTemplate": false,
    "count": 0,
    "updated": 0
  },
  {
    "id": "945a0b25-72ba-439d-bfc0-9f92669a23fa",
    "data": [
      {
        "text": "remove the ",
        "userDefined": false
      },
      {
        "text": "hat",
        "alias": "hats",
        "meta": "@hats",
        "userDefined": false
      },
      {
        "text": " from my cart",
        "userDefined": false
      }
    ],
    "isTemplate": false,
    "count": 0,
    "updated": 0
  },
  {
    "id": "2c98c04a-eb18-4714-b071-130078ee0c6f",
    "data": [
      {
        "text": "I would like the ",
        "userDefined": false
      },
      {
        "text": "visor",
        "alias": "hats",
        "meta": "@hats",
        "userDefined": false
      },
      {
        "text": " to be removed from my cart",
        "userDefined": false
      }
    ],
    "isTemplate": false,
    "count": 0,
    "updated": 0
  },
  {
    "id": "10c870df-2010-4296-a361-ef908f93a82c",
    "data": [
      {
        "text": "can you remove the ",
        "userDefined": false
      },
      {
        "text": "hat",
        "alias": "hats",
        "meta": "@hats",
        "userDefined": false
      },
      {
        "text": " from my cart?",
        "userDefined": false
      }
    ],
    "isTemplate": false,
    "count": 0,
    "updated": 0
  }
]