[
  {
    "id": "ce873000-5f8d-4aed-9d07-5803bbc032a7",
    "data": [
      {
        "text": "please remove the ",
        "userDefined": false
      },
      {
        "text": "keychain",
        "alias": "Plushes",
        "meta": "@Plushes",
        "userDefined": false
      },
      {
        "text": " from my cart",
        "userDefined": false
      }
    ],
    "isTemplate": false,
    "count": 0,
    "updated": 0
  },
  {
    "id": "ee963de3-92b2-4cec-9868-7e6e3f8718ea",
    "data": [
      {
        "text": "delete the ",
        "userDefined": false
      },
      {
        "text": "stuffed animal",
        "alias": "Plushes",
        "meta": "@Plushes",
        "userDefined": false
      },
      {
        "text": " from my cart",
        "userDefined": false
      }
    ],
    "isTemplate": false,
    "count": 0,
    "updated": 0
  },
  {
    "id": "3c6ed58d-6dc9-4c9c-9617-c46528524411",
    "data": [
      {
        "text": "remove the ",
        "userDefined": false
      },
      {
        "text": "badger pillow",
        "alias": "Plushes",
        "meta": "@Plushes",
        "userDefined": false
      }
    ],
    "isTemplate": false,
    "count": 0,
    "updated": 0
  },
  {
    "id": "94df05e3-4569-4e6b-94e7-addf08f67d8b",
    "data": [
      {
        "text": "I no longer want the ",
        "userDefined": false
      },
      {
        "text": "cloud pillow",
        "alias": "Plushes",
        "meta": "@Plushes",
        "userDefined": false
      }
    ],
    "isTemplate": false,
    "count": 0,
    "updated": 0
  },
  {
    "id": "4dec7d90-07e2-4bac-85aa-001d9fb5d3f6",
    "data": [
      {
        "text": "get rid of the ",
        "userDefined": false
      },
      {
        "text": "keychain",
        "alias": "Plushes",
        "meta": "@Plushes",
        "userDefined": false
      }
    ],
    "isTemplate": false,
    "count": 0,
    "updated": 0
  },
  {
    "id": "6f429e61-3624-4324-82e0-1667cd4ed557",
    "data": [
      {
        "text": "can you remove the ",
        "userDefined": false
      },
      {
        "text": "game day",
        "alias": "Plushes",
        "meta": "@Plushes",
        "userDefined": false
      },
      {
        "text": " bucky from my cart",
        "userDefined": false
      }
    ],
    "isTemplate": false,
    "count": 0,
    "updated": 0
  }
]