[
  {
    "id": "3582d5ac-8cef-42ce-b3f4-1d3b08734375",
    "data": [
      {
        "text": "Where can i review my orders?",
        "userDefined": false
      }
    ],
    "isTemplate": false,
    "count": 0,
    "updated": 0
  },
  {
    "id": "9be11667-1a21-4992-87b7-7666f871fbc7",
    "data": [
      {
        "text": "I want to confirm my orders",
        "userDefined": false
      }
    ],
    "isTemplate": false,
    "count": 0,
    "updated": 0
  },
  {
    "id": "e8b53716-d743-4595-8050-d6376e95d287",
    "data": [
      {
        "text": "I want to confirm my cart",
        "userDefined": false
      }
    ],
    "isTemplate": false,
    "count": 0,
    "updated": 0
  },
  {
    "id": "77ff41d5-db5c-4b7a-aec3-ab392ba32b37",
    "data": [
      {
        "text": "I want to review my cart",
        "userDefined": false
      }
    ],
    "isTemplate": false,
    "count": 0,
    "updated": 0
  },
  {
    "id": "1e23ee1a-f822-41be-b5b1-4f3db1bef33f",
    "data": [
      {
        "text": "Let me review the contents of my cart",
        "userDefined": false
      }
    ],
    "isTemplate": false,
    "count": 0,
    "updated": 0
  },
  {
    "id": "d22eb37d-5f68-4c0a-81f3-523c5466c646",
    "data": [
      {
        "text": "I want to proceed with my order",
        "userDefined": false
      }
    ],
    "isTemplate": false,
    "count": 0,
    "updated": 0
  },
  {
    "id": "253e8673-cf59-4110-9146-8c207e96e357",
    "data": [
      {
        "text": "I would like to review my cart",
        "userDefined": false
      }
    ],
    "isTemplate": false,
    "count": 0,
    "updated": 0
  },
  {
    "id": "ff35cdbc-b521-467d-af5b-71a1efbf17b8",
    "data": [
      {
        "text": "I would like to see my cart",
        "userDefined": false
      }
    ],
    "isTemplate": false,
    "count": 0,
    "updated": 0
  }
]