[
  {
    "id": "2cbfef07-9011-45dd-b02e-fcb0f25dfba6",
    "data": [
      {
        "text": "Give me the product information for the ",
        "userDefined": false
      },
      {
        "text": "hoodie",
        "alias": "Sweatshirts",
        "meta": "@Sweatshirts",
        "userDefined": false
      }
    ],
    "isTemplate": false,
    "count": 0,
    "updated": 0
  },
  {
    "id": "9d7dadbd-82b9-40e3-872a-02098a4dbe3e",
    "data": [
      {
        "text": "What is the description for the ",
        "userDefined": false
      },
      {
        "text": "sweatshirt",
        "alias": "Sweatshirts",
        "meta": "@Sweatshirts",
        "userDefined": false
      }
    ],
    "isTemplate": false,
    "count": 0,
    "updated": 0
  },
  {
    "id": "ddd53751-b18f-4c3d-b853-df01163c8aeb",
    "data": [
      {
        "text": "Tell me about the ",
        "userDefined": false
      },
      {
        "text": "sweatshirt",
        "alias": "Sweatshirts",
        "meta": "@Sweatshirts",
        "userDefined": false
      }
    ],
    "isTemplate": false,
    "count": 0,
    "updated": 0
  },
  {
    "id": "be015ac4-2eee-4759-aac8-fe851352c2f0",
    "data": [
      {
        "text": "Can you tell me more about the ",
        "userDefined": false
      },
      {
        "text": "hoodie",
        "alias": "Sweatshirts",
        "meta": "@Sweatshirts",
        "userDefined": false
      },
      {
        "text": "?",
        "userDefined": false
      }
    ],
    "isTemplate": false,
    "count": 0,
    "updated": 0
  }
]