[
  {
    "id": "2188fe2d-4be6-4afe-8633-597d3c65435f",
    "data": [
      {
        "text": "What is the product description for the ",
        "userDefined": false
      },
      {
        "text": "shirt",
        "alias": "Tees",
        "meta": "@Tees",
        "userDefined": false
      }
    ],
    "isTemplate": false,
    "count": 0,
    "updated": 0
  },
  {
    "id": "4d12a6d8-312f-4420-9a3c-1e720e1befb6",
    "data": [
      {
        "text": "Show me the information for the ",
        "userDefined": false
      },
      {
        "text": "t shirt",
        "alias": "Tees",
        "meta": "@Tees",
        "userDefined": true
      }
    ],
    "isTemplate": false,
    "count": 0,
    "updated": 0
  },
  {
    "id": "070fe542-00b4-4762-971a-5a5c4fd16698",
    "data": [
      {
        "text": "Tell me more about the ",
        "userDefined": false
      },
      {
        "text": "jump around tee",
        "alias": "Tees",
        "meta": "@Tees",
        "userDefined": false
      }
    ],
    "isTemplate": false,
    "count": 0,
    "updated": 0
  },
  {
    "id": "3efb538d-08cb-466e-8efc-f4773e864654",
    "data": [
      {
        "text": "Tell me the product description for the ",
        "userDefined": false
      },
      {
        "text": "shirt",
        "alias": "Tees",
        "meta": "@Tees",
        "userDefined": false
      }
    ],
    "isTemplate": false,
    "count": 0,
    "updated": 0
  }
]