[
  {
    "value": "Women\u0027s Wisconsin Cuddle Joggers",
    "synonyms": [
      "Women\u0027s Wisconsin Cuddle Joggers",
      "Joggers",
      "Wisconsin joggers"
    ]
  },
  {
    "value": "Wisconsin Sweatpants",
    "synonyms": [
      "Wisconsin Sweatpants",
      "sweatpants",
      "sweats"
    ]
  },
  {
    "value": "Wisconsin Qualifier Woven Short",
    "synonyms": [
      "Wisconsin Qualifier Woven Short",
      "Woven Short",
      "Qualifier"
    ]
  },
  {
    "value": "Wisconsin Running Shorts",
    "synonyms": [
      "Wisconsin Running Shorts",
      "Running Shorts"
    ]
  }
]