[
  {
    "value": "hats",
    "synonyms": [
      "hats",
      "visors",
      "caps"
    ]
  },
  {
    "value": "sweatshirts",
    "synonyms": [
      "sweatshirts",
      "sweater",
      "hoodie"
    ]
  },
  {
    "value": "plushes",
    "synonyms": [
      "plushes",
      "pillow",
      "keychain",
      "stuffed animal"
    ]
  },
  {
    "value": "leggings",
    "synonyms": [
      "leggings"
    ]
  },
  {
    "value": "tees",
    "synonyms": [
      "tees",
      "shirts",
      "t-shirt",
      "shirt"
    ]
  },
  {
    "value": "bottoms",
    "synonyms": [
      "bottoms",
      "shorts",
      "joggers",
      "sweats",
      "sweatpants"
    ]
  }
]