[
  {
    "value": "Bucky Badger Plush",
    "synonyms": [
      "Bucky Badger Plush",
      "Stuffed animal"
    ]
  },
  {
    "value": "Game Day Bucky Plush",
    "synonyms": [
      "Game Day Bucky Plush",
      "Game Day",
      "Overalls"
    ]
  },
  {
    "value": "W Cloud Pillow",
    "synonyms": [
      "W Cloud Pillow",
      "cloud pillow",
      "W",
      "Wisconsin Badgers Pillow"
    ]
  },
  {
    "value": "Bucky Badger Pillow",
    "synonyms": [
      "Bucky Badger Pillow",
      "Badger pillow",
      "Bucky pillow"
    ]
  },
  {
    "value": "Bucky Badger Keychain",
    "synonyms": [
      "Bucky Badger Keychain",
      "Keychain",
      "Badger keychain"
    ]
  }
]